"Reference","Value","Footprint","Datasheet","Farnell","Sim.Device","Sim.Library","Sim.Name","Sim.Pins","Qty"
"C1","47p","Capacitor_SMD:C_0603_1608Metric_Pad1.08x0.95mm_HandSolder","~","https://be.farnell.com/en-BE/kemet/c0603c470f1gactu/cap-47pf-100v-1-c0g-np0-0603/dp/2820807?st=47p%20smd%20cap%200603","","","","","1"
"C2","100n","Capacitor_SMD:C_0805_2012Metric_Pad1.18x1.45mm_HandSolder","~","https://be.farnell.com/en-BE/kemet/c0805x104j5rac3316/cap-0-1-f-50v-5-x7r-0805/dp/2666904?st=100n%20smd%20cap%200805","","","","","1"
"C3, C4, C6","15u","Capacitor_SMD:C_1206_3216Metric_Pad1.33x1.80mm_HandSolder","~","https://be.farnell.com/en-BE/avx/tpsa156k006r0700/cap-15-f-6-3v-10-1206-smd/dp/1658485?st=15u%20smd%20cap","","","","","3"
"C5","470u","Capacitor_SMD:CP_Elec_10x12.6","~","https://be.farnell.com/en-BE/panasonic/25svpk470m/cap-470-f-25v/dp/2759084?st=470u%20smd%20cap","","","","","1"
"Cbias1","1u","Capacitor_SMD:C_0805_2012Metric_Pad1.18x1.45mm_HandSolder","~","https://be.farnell.com/en-BE/kemet/c0805c105j8ractu/cap-1-f-10v-5-x7r-0805/dp/2773210?st=1u%20smd%20cap%200805","","","","","1"
"Cboot1, Cboot2","100n","Capacitor_SMD:C_0805_2012Metric_Pad1.18x1.45mm_HandSolder","~","https://be.farnell.com/en-BE/kemet/c0805x104j5rac3316/cap-0-1-f-50v-5-x7r-0805/dp/2666904?st=100n%20smd%20cap%200805","","","","","2"
"Cbulk1","68u","Capacitor_SMD:CP_Elec_10x10.5","~","https://be.farnell.com/en-BE/panasonic/eehzt1j680p/cap-68uf-63v-alu-elec-hybrid-smd/dp/3584428?st=68u%20smd%20cap","","","","","1"
"Cc1","15n","Capacitor_SMD:C_0603_1608Metric_Pad1.08x0.95mm_HandSolder","~","https://be.farnell.com/en-BE/multicomp/mc0603b153j500ct/cap-0-015-f-50v-5-x7r-0603/dp/2320805?st=15n%20smd%20cap%200603","","","","","1"
"Cc2","62p","Capacitor_SMD:C_0603_1608Metric_Pad1.08x0.95mm_HandSolder","~","https://be.farnell.com/en-BE/kemet/c0603c620j5gactu/cap-62pf-50v-5-c0g-np0-0603/dp/1865482?st=62p%20smd%20cap%200603","","","","","1"
"Cin1","10u","Capacitor_SMD:CP_Elec_5x5.4","~","https://be.farnell.com/en-BE/kemet/exv106m035a9daa/cap-10-f-35v-radial-smd/dp/2069187?st=10u%20smd%20cap","","","","","1"
"Cslope1","100p","Capacitor_SMD:C_0603_1608Metric_Pad1.08x0.95mm_HandSolder","~","https://be.farnell.com/en-BE/kemet/c0603x101f5gacauto/cap-100pf-50v-1-c0g-np0-0603/dp/2904893?st=13n%20smd%20cap%200603","","","","","1"
"Css1","120n","Capacitor_SMD:C_0603_1608Metric_Pad1.08x0.95mm_HandSolder","~","https://be.farnell.com/en-BE/kemet/c0603c124k8ractu/cap-0-12-f-10v-10-x7r-0603/dp/2821085?st=120n%20smd%20cap","","","","","1"
"D1-D3","SS24","Diode_SMD:D_SMB_Handsoldering","~","https://be.farnell.com/en-BE/multicomp/ss24/schottky-rectifier-2a-40v-do-214aa/dp/2675138?MER=sy-me-pd-mi-alte","","","","","3"
"Dboot1, Dboot2","SS24","Diode_SMD:D_SMB_Handsoldering","~","https://be.farnell.com/en-BE/multicomp/ss24/schottky-rectifier-2a-40v-do-214aa/dp/2675138?MER=sy-me-pd-mi-alte","","","","","2"
"H1-H4","MountingHole_Pad","MountingHole:MountingHole_4.3mm_M4_Pad_Via","~","","","","","","4"
"J1","Screw_Terminal_01x04","TerminalBlock:TerminalBlock_bornier-4_P5.08mm","~","","","","","","1"
"J2","Screw_Terminal_01x02","TerminalBlock:TerminalBlock_bornier-2_P5.08mm","~","","","","","","1"
"L1","4.7u","Inductor_SMD:L_Coilcraft_XAL1010-XXX","~","https://be.farnell.com/en-BE/coilcraft/xal1010-472med/inductor-4-7uh-24a-20-pwr-19mhz/dp/2289017","","","","","1"
"QH1, QH2","CSD18532Q5B","Package_TO_SOT_SMD:TDSON-8-1","http://www.ti.com/lit/gpn/csd18532q5b","https://be.farnell.com/en-BE/texas-instruments/csd18532q5b/mosfet-n-ch-60v-100a-vson-8/dp/3009663?st=CSD18532Q5B","","","","","2"
"QL1, QL2","CSD18532Q5B","Package_TO_SOT_SMD:TDSON-8-1","http://www.ti.com/lit/gpn/csd18532q5b","https://be.farnell.com/en-BE/texas-instruments/csd18532q5b/mosfet-n-ch-60v-100a-vson-8/dp/3009663?st=CSD18532Q5B","","","","","2"
"R1","10","Resistor_SMD:R_0603_1608Metric_Pad0.98x0.95mm_HandSolder","~","https://be.farnell.com/en-BE/rohm/ktr03ezpf10r0/res-10r-1-0-1w-0603-thick-film/dp/2919225?st=10r+resistor+0603","","","","","1"
"R2","249k","Resistor_SMD:R_0603_1608Metric_Pad0.98x0.95mm_HandSolder","~","https://be.farnell.com/en-BE/panasonic/erjpa3f2493v/res-249k-1-thick-film/dp/2561907?st=249k%20resistor+0603","","","","","1"
"R3","59k","Resistor_SMD:R_0603_1608Metric_Pad0.98x0.95mm_HandSolder","~","https://be.farnell.com/en-BE/panasonic/erjpa3f5902v/res-59k-1-thick-film/dp/2562106?st=59k%20resistor%200603","","","","","1"
"R4, R5","100","Resistor_SMD:R_0603_1608Metric_Pad0.98x0.95mm_HandSolder","~","https://be.farnell.com/en-BE/vishay/rca0603100rfkea/res-100r-1-0603-thick-film/dp/2616583?st=100r%20smd%20resistor%200603","","","","","2"
"Rc1","68k","Resistor_SMD:R_0603_1608Metric_Pad0.98x0.95mm_HandSolder","~","https://be.farnell.com/en-BE/te-connectivity/crgcq0603f68k/res-68k-1-0603-thick-film/dp/2861483?st=68k%20resistor%200603","","","","","1"
"RFB1","7.5k","Resistor_SMD:R_0603_1608Metric_Pad0.98x0.95mm_HandSolder","~","https://be.farnell.com/en-BE/multicomp-pro/mcsr06x7501ftl/res-7k5-1-0-1w-0603-thick-film/dp/2074303?st=7.5k%20resistor%200603","","","","","1"
"RFB2","105k","Resistor_SMD:R_0603_1608Metric_Pad0.98x0.95mm_HandSolder","~","https://be.farnell.com/en-BE/panasonic/erjpa3f1053v/res-105k-1-thick-film/dp/2561729RL?st=105k%20resistor%200603","","","","","1"
"Rmode1","93.1k","Resistor_SMD:R_0603_1608Metric_Pad0.98x0.95mm_HandSolder","~","https://be.farnell.com/en-BE/panasonic/erjpa3f9312v/res-93k1-1-thick-film/dp/2562207RL?st=93.1k%20resistor%200603","","","","","1"
"Rpg1","10k","Resistor_SMD:R_0603_1608Metric_Pad0.98x0.95mm_HandSolder","~","https://be.farnell.com/en-BE/vishay/rca060310k0fkea/res-10k-1-0603-thick-film/dp/2616584?st=10k%20resistor%200603","","","","","1"
"Rsense1","18m","Resistor_SMD:R_2512_6332Metric_Pad1.40x3.35mm_HandSolder","~","https://be.farnell.com/en-BE/multicomp/mchvr12ftft1805/res-thick-film-18m-1-1w-2512/dp/2826912?st=18m%20smd%20resistor","","","","","1"
"RT1","27.4k","Resistor_SMD:R_0603_1608Metric_Pad0.98x0.95mm_HandSolder","~","https://be.farnell.com/en-BE/panasonic/erjpa3f2742v/res-27k4-1-thick-film/dp/2561929?st=27.4k%20resistor%200603","","","","","1"
"TP1-TP22","TestPoint","","~","","","","","","22"
"U1","LM5175PWP","Package_SO:HTSSOP-28-1EP_4.4x9.7mm_P0.65mm_EP3.4x9.5mm_ThermalVias","http://www.ti.com/lit/ds/symlink/lm5175.pdf","https://be.farnell.com/en-BE/texas-instruments/lm5175pwpt/dc-dc-ctrl-sync-buck-boost-htssop28/dp/3008670RL?st=lm5175","SUBCKT","/home/jorgep/Desktop/Faculdade/2Ano/PowerElectronics/project/simulationModels/LM5175_TRANS.lib","LM5175_TRANS","1=EN_UVLO 2=VIN 3=VISNS 4=MODE 5=DITH 6=RT 7=SLOPE 8=SS 9=COMP 10=AGND 11=FB 12=VOSNS 13=ISNS_N 14=ISNS_P 15=CSG 16=CS 17=PGOOD 18=SW2 19=HDRV2 20=BOOT2 21=LDRV2 22=PGND 23=VCC 24=BIAS 25=LDRV1 26=BOOT1 27=HDRV1 28=SW1 29=PAD","1"
